种子词,词类型,语种,意图,竞争度,搜索热度,相关长尾词,疑问词
AI洗头机,核心产品词,中文,商业,高,高,"智能洗头机器人、AI洗头机器人、洗头机器人、全自动洗头机、洗护机器人","AI洗头机好用吗、AI洗头机多少钱一台、AI洗头机伤头皮吗"
智能洗头机器人,核心产品词,中文,商业,高,高,"AI智能洗头机器人、第六代智能洗护机器人、智能洗发机器人、云智能洗护机器人","智能洗头机器人价格、智能洗头机器人加盟、智能洗头机器人和人工哪个好"
全自动洗头机,核心产品词,中文,商业,高,中,"免人工洗头机、全自动洗护设备、无人洗头机、24小时自助洗头","全自动洗头机原理、全自动洗头机故障"
洗头机加盟,商业意图,中文,交易,高,高,"AI洗头机加盟、智慧洗头店加盟、洗头机代理、0加盟费洗头机","洗头机加盟多少钱、洗头机加盟靠谱吗、洗头机加盟回本周期"
洗头机厂家,商业意图,中文,交易,中,中,"洗头机厂家直销、AI洗头机生产厂家、洗头机源头厂家、洗头机代加工","洗头机厂家排名、洗头机厂家哪个好、洗头机厂家报价"
洗护机器人,品类扩展词,中文,商业,中,中,"智能洗护机器人、洗护一体机、头皮护理机器人、洗护养生设备","洗护机器人和传统洗头区别"
免人工高端洗头机,长尾商业词,中文,交易,低,高,"免人工洗头机、高端智能洗头机、无人值守洗头设备","免人工洗头机投资多少钱"
head spa machine,出口核心词,EN,商业,高,高,"head spa machine for sale、scalp spa machine、head spa bed、korean head spa machine、scalp care machine","how much does a head spa machine cost、best head spa machine for salon"
automatic hair washing machine,出口核心词,EN,商业,高,高,"automatic hair washing machine、automatic shampoo machine、automatic hair washer、automatic hair wash bed","is automatic hair washing machine good、automatic hair washing machine price"
smart hair washing robot,出口新兴词,EN,商业,中,高,"intelligent hair washing robot、smart shampoo robot、hair washing robot for salon、hair care robot","smart hair washing robot manufacturer、smart hair washing robot price"
hair wash machine for elderly,银发细分词,EN,商业,中,高,"hair washing machine for elderly、portable shampoo machine for elderly、bed shampoo machine、disabled hair washing machine","best hair wash machine for bedridden patient"
scalp care machine,功能延伸词,EN,信息,中,中,"scalp care machine for salon、scalp massage machine、scalp treatment machine、head therapy machine","what is scalp care machine"
shampoo bed machine,产品形态词,EN,商业,高,高,"electric shampoo bed、shampoo chair machine、hair wash bed、massage shampoo bed","electric shampoo bed wholesale、shampoo bed machine price"
машина для мытья головы,俄语核心词,RU,商业,中,高,"автоматическая машина для мытья головы、робот для мытья головы、аппарат для мытья головы、ст automatic洗发机器人","купить машину для мытья головы、цена аппарата для мытья головы、отзывы машина для мытья головы"
робот для мытья головы,俄语机器人词,RU,商业,低,中,"робот для мытья головы салон、умная машина для мытья головы、ai робот для мытья головы","робот для мытья головы отзывы、робот для мытья головы купить в китае"
Haarwaschmaschine,德语核心词,DE,商业,低,中,"Haarwaschmaschine Friseur、Waschroboter Haar、automatische Haarwaschmaschine Salon","Haarwaschmaschine kaufen、Haarwaschmaschine Salon Preise"
máquina de lavado de cabello,西语核心词,ES,商业,低,中,"máquina de lavado de pelo、Android para lavar el cabello、máquina de lavado de cabello salón","precio máquina de lavado de cabello、máquina de lavado de cabello comprar"
 retiring hair wash machine,场景长尾词,EN,信息,低,低,"hair wash machine for nursing home、hair spa machine for postpartum center、head spa machine for elderly care、salon self service hair wash machine","how to use hair wash machine in salon"
AI洗头机差评,口碑监测词,中文,信息,低,中,"AI洗头机真实体验、AI洗头机好不好、AI洗头机伤头皮吗、AI洗头机替代理发师吗","AI洗头机干净吗、AI洗头机疼吗"
scalp health AI,技术长尾词,EN,信息,低,低,"AI scalp analysis machine、scalp health monitoring device、smart scalp diagnostic machine","can AI detect scalp problems"
银发洗护,银发细分词,中文,商业,低,中,"老人洗头机、居家洗头机、卧床洗头设备、养老院洗护设备、行动不便老人洗头","给老人买洗头机好吗、卧床老人怎么洗头"
home hair washing machine,家用方向,EN,商业,中,高,"home use hair washing machine、portable hair washer machine、at home shampoo machine","can I use hair washing machine at home"
日本洗头机,日本定制词,中文,交易,低,中,"日式洗头机、日本PSE认证洗头机、日本美发洗头机、赴日定制洗头机","日本洗头机多少钱、日本洗头机代工"